Date,Ingredient,Unit,Price_LKR
6/1/2025,Flour,1 kg,217.67
6/1/2025,Sugar,1 kg,260.75
6/1/2025,Eggs,Dozen,600.3
6/1/2025,Butter,250 g,453.56
6/1/2025,Vanilla,10 ml,76.76
6/1/2025,Milk Powder,400 g,953.73
6/1/2025,Baking Powder,100 g,142.27
6/1/2025,Chocolate,100 g,361.3
6/2/2025,Flour,1 kg,211.42
6/2/2025,Sugar,1 kg,253.63
6/2/2025,Eggs,Dozen,584.19
6/2/2025,Butter,250 g,407.55
6/2/2025,Vanilla,10 ml,85.48
6/2/2025,Milk Powder,400 g,934.13
6/2/2025,Baking Powder,100 g,133.33
6/2/2025,Chocolate,100 g,340.75
6/3/2025,Flour,1 kg,224.17
6/3/2025,Sugar,1 kg,233.77
6/3/2025,Eggs,Dozen,578.47
6/3/2025,Butter,250 g,457.05
6/3/2025,Vanilla,10 ml,85.82
6/3/2025,Milk Powder,400 g,925.44
6/3/2025,Baking Powder,100 g,141.4
6/3/2025,Chocolate,100 g,344.99
6/4/2025,Flour,1 kg,212.17
6/4/2025,Sugar,1 kg,243.63
6/4/2025,Eggs,Dozen,559.12
6/4/2025,Butter,250 g,422.39
6/4/2025,Vanilla,10 ml,84.21
6/4/2025,Milk Powder,400 g,855.88
6/4/2025,Baking Powder,100 g,159.09
6/4/2025,Chocolate,100 g,378.41
6/5/2025,Flour,1 kg,221.39
6/5/2025,Sugar,1 kg,263.35
6/5/2025,Eggs,Dozen,603.01
6/5/2025,Butter,250 g,407.63
6/5/2025,Vanilla,10 ml,90.76
6/5/2025,Milk Powder,400 g,947.42
6/5/2025,Baking Powder,100 g,150.67
6/5/2025,Chocolate,100 g,326.21
6/6/2025,Flour,1 kg,213.65
6/6/2025,Sugar,1 kg,232.6
6/6/2025,Eggs,Dozen,573.24
6/6/2025,Butter,250 g,421.14
6/6/2025,Vanilla,10 ml,80.05
6/6/2025,Milk Powder,400 g,953.02
6/6/2025,Baking Powder,100 g,146.39
6/6/2025,Chocolate,100 g,315.97
6/7/2025,Flour,1 kg,213.1
6/7/2025,Sugar,1 kg,266.95
6/7/2025,Eggs,Dozen,578.46
6/7/2025,Butter,250 g,457.52
6/7/2025,Vanilla,10 ml,88.24
6/7/2025,Milk Powder,400 g,897.64
6/7/2025,Baking Powder,100 g,125.95
6/7/2025,Chocolate,100 g,365.2
6/8/2025,Flour,1 kg,225.01
6/8/2025,Sugar,1 kg,258.52
6/8/2025,Eggs,Dozen,579.89
6/8/2025,Butter,250 g,420.9
6/8/2025,Vanilla,10 ml,78.1
6/8/2025,Milk Powder,400 g,925.11
6/8/2025,Baking Powder,100 g,132.36
6/8/2025,Chocolate,100 g,332.51
6/9/2025,Flour,1 kg,224.91
6/9/2025,Sugar,1 kg,263.08
6/9/2025,Eggs,Dozen,607.26
6/9/2025,Butter,250 g,417.51
6/9/2025,Vanilla,10 ml,75.39
6/9/2025,Milk Powder,400 g,991.14
6/9/2025,Baking Powder,100 g,123.87
6/9/2025,Chocolate,100 g,371.37
6/10/2025,Flour,1 kg,228.68
6/10/2025,Sugar,1 kg,241.71
6/10/2025,Eggs,Dozen,552.36
6/10/2025,Butter,250 g,412.41
6/10/2025,Vanilla,10 ml,84.79
6/10/2025,Milk Powder,400 g,867.55
6/10/2025,Baking Powder,100 g,157.65
6/10/2025,Chocolate,100 g,321.22
6/11/2025,Flour,1 kg,229.33
6/11/2025,Sugar,1 kg,267.9
6/11/2025,Eggs,Dozen,578
6/11/2025,Butter,250 g,451.77
6/11/2025,Vanilla,10 ml,80.83
6/11/2025,Milk Powder,400 g,932.76
6/11/2025,Baking Powder,100 g,146.52
6/11/2025,Chocolate,100 g,308.36
6/12/2025,Flour,1 kg,212.87
6/12/2025,Sugar,1 kg,261.23
6/12/2025,Eggs,Dozen,617.88
6/12/2025,Butter,250 g,444.59
6/12/2025,Vanilla,10 ml,76.44
6/12/2025,Milk Powder,400 g,998.01
6/12/2025,Baking Powder,100 g,154.12
6/12/2025,Chocolate,100 g,324.09
6/13/2025,Flour,1 kg,224.09
6/13/2025,Sugar,1 kg,245.09
6/13/2025,Eggs,Dozen,568.05
6/13/2025,Butter,250 g,442.03
6/13/2025,Vanilla,10 ml,90.2
6/13/2025,Milk Powder,400 g,968.83
6/13/2025,Baking Powder,100 g,146.62
6/13/2025,Chocolate,100 g,336.45
6/14/2025,Flour,1 kg,229.5
6/14/2025,Sugar,1 kg,269.71
6/14/2025,Eggs,Dozen,594.13
6/14/2025,Butter,250 g,433.86
6/14/2025,Vanilla,10 ml,83.12
6/14/2025,Milk Powder,400 g,887.11
6/14/2025,Baking Powder,100 g,130.3
6/14/2025,Chocolate,100 g,343.9
6/15/2025,Flour,1 kg,215.83
6/15/2025,Sugar,1 kg,252.27
6/15/2025,Eggs,Dozen,614.38
6/15/2025,Butter,250 g,409.95
6/15/2025,Vanilla,10 ml,75.98
6/15/2025,Milk Powder,400 g,985.18
6/15/2025,Baking Powder,100 g,152.07
6/15/2025,Chocolate,100 g,303.11
6/16/2025,Flour,1 kg,223.63
6/16/2025,Sugar,1 kg,230.99
6/16/2025,Eggs,Dozen,551.48
6/16/2025,Butter,250 g,414.53
6/16/2025,Vanilla,10 ml,84.77
6/16/2025,Milk Powder,400 g,898.25
6/16/2025,Baking Powder,100 g,121.48
6/16/2025,Chocolate,100 g,357.91
6/17/2025,Flour,1 kg,224.16
6/17/2025,Sugar,1 kg,250.85
6/17/2025,Eggs,Dozen,579.4
6/17/2025,Butter,250 g,438.71
6/17/2025,Vanilla,10 ml,80.75
6/17/2025,Milk Powder,400 g,906.85
6/17/2025,Baking Powder,100 g,139.69
6/17/2025,Chocolate,100 g,324.85
6/18/2025,Flour,1 kg,213.74
6/18/2025,Sugar,1 kg,249.38
6/18/2025,Eggs,Dozen,557.89
6/18/2025,Butter,250 g,409.62
6/18/2025,Vanilla,10 ml,80.16
6/18/2025,Milk Powder,400 g,920.66
6/18/2025,Baking Powder,100 g,158.2
6/18/2025,Chocolate,100 g,348.46
6/19/2025,Flour,1 kg,210.76
6/19/2025,Sugar,1 kg,233.55
6/19/2025,Eggs,Dozen,581.35
6/19/2025,Butter,250 g,400.72
6/19/2025,Vanilla,10 ml,93.61
6/19/2025,Milk Powder,400 g,951.53
6/19/2025,Baking Powder,100 g,132.77
6/19/2025,Chocolate,100 g,331.79
6/20/2025,Flour,1 kg,219.8
6/20/2025,Sugar,1 kg,252.39
6/20/2025,Eggs,Dozen,570.86
6/20/2025,Butter,250 g,435.77
6/20/2025,Vanilla,10 ml,91.41
6/20/2025,Milk Powder,400 g,851.04
6/20/2025,Baking Powder,100 g,140.97
6/20/2025,Chocolate,100 g,310.08
6/21/2025,Flour,1 kg,210.38
6/21/2025,Sugar,1 kg,251
6/21/2025,Eggs,Dozen,589.71
6/21/2025,Butter,250 g,449.15
6/21/2025,Vanilla,10 ml,80.61
6/21/2025,Milk Powder,400 g,938.33
6/21/2025,Baking Powder,100 g,137.42
6/21/2025,Chocolate,100 g,335.51
6/22/2025,Flour,1 kg,219.17
6/22/2025,Sugar,1 kg,256.95
6/22/2025,Eggs,Dozen,579.8
6/22/2025,Butter,250 g,452.05
6/22/2025,Vanilla,10 ml,85.67
6/22/2025,Milk Powder,400 g,947.31
6/22/2025,Baking Powder,100 g,128.19
6/22/2025,Chocolate,100 g,337.12
6/23/2025,Flour,1 kg,223.52
6/23/2025,Sugar,1 kg,251.98
6/23/2025,Eggs,Dozen,552.02
6/23/2025,Butter,250 g,404.31
6/23/2025,Vanilla,10 ml,80.05
6/23/2025,Milk Powder,400 g,942.62
6/23/2025,Baking Powder,100 g,132.51
6/23/2025,Chocolate,100 g,348.64
6/24/2025,Flour,1 kg,213.56
6/24/2025,Sugar,1 kg,262.83
6/24/2025,Eggs,Dozen,582.83
6/24/2025,Butter,250 g,432.91
6/24/2025,Vanilla,10 ml,80.53
6/24/2025,Milk Powder,400 g,965.14
6/24/2025,Baking Powder,100 g,134.44
6/24/2025,Chocolate,100 g,329.58
6/25/2025,Flour,1 kg,224.63
6/25/2025,Sugar,1 kg,249.97
6/25/2025,Eggs,Dozen,579.36
6/25/2025,Butter,250 g,418.11
6/25/2025,Vanilla,10 ml,85.54
6/25/2025,Milk Powder,400 g,884.76
6/25/2025,Baking Powder,100 g,147.96
6/25/2025,Chocolate,100 g,314.34
6/26/2025,Flour,1 kg,228.46
6/26/2025,Sugar,1 kg,236.56
6/26/2025,Eggs,Dozen,565.22
6/26/2025,Butter,250 g,429.19
6/26/2025,Vanilla,10 ml,89.44
6/26/2025,Milk Powder,400 g,954.34
6/26/2025,Baking Powder,100 g,139.29
6/26/2025,Chocolate,100 g,306.84
6/27/2025,Flour,1 kg,229.96
6/27/2025,Sugar,1 kg,262.45
6/27/2025,Eggs,Dozen,576.29
6/27/2025,Butter,250 g,455.35
6/27/2025,Vanilla,10 ml,92.24
6/27/2025,Milk Powder,400 g,990.37
6/27/2025,Baking Powder,100 g,155.87
6/27/2025,Chocolate,100 g,308.63
6/28/2025,Flour,1 kg,225.14
6/28/2025,Sugar,1 kg,264.76
6/28/2025,Eggs,Dozen,583.04
6/28/2025,Butter,250 g,405.68
6/28/2025,Vanilla,10 ml,94.62
6/28/2025,Milk Powder,400 g,987.13
6/28/2025,Baking Powder,100 g,135.19
6/28/2025,Chocolate,100 g,338.15
6/29/2025,Flour,1 kg,212.14
6/29/2025,Sugar,1 kg,238.96
6/29/2025,Eggs,Dozen,564.74
6/29/2025,Butter,250 g,428.25
6/29/2025,Vanilla,10 ml,90.2
6/29/2025,Milk Powder,400 g,951.22
6/29/2025,Baking Powder,100 g,131.51
6/29/2025,Chocolate,100 g,301.13
6/30/2025,Flour,1 kg,227.04
6/30/2025,Sugar,1 kg,265.33
6/30/2025,Eggs,Dozen,574.59
6/30/2025,Butter,250 g,442.51
6/30/2025,Vanilla,10 ml,94.86
6/30/2025,Milk Powder,400 g,988.63
6/30/2025,Baking Powder,100 g,145.51
6/30/2025,Chocolate,100 g,360.21
